,location,year,start_date2,ep_end_date,conflictid
0,Bolivia,1946.0,1946-07-21,1946-07-21,33.0
1,Bolivia,1952.0,1952-04-09,1952-04-12,33.0
2,Bolivia,1967.0,1967-03-31,1967-10-16,33.0
3,Cambodia,1946.0,1946-08-31,,44.0
4,Cambodia,1947.0,1946-08-31,,44.0
5,Cambodia,1948.0,1946-08-31,,44.0
6,Cambodia,1949.0,1946-08-31,,44.0
7,Cambodia,1950.0,1946-08-31,,44.0
8,Cambodia,1951.0,1946-08-31,,44.0
9,Cambodia,1952.0,1946-08-31,,44.0
10,Cambodia,1953.0,1946-08-31,1953-11-09,44.0
11,China,1946.0,1946-12-31,,
12,China,1947.0,1946-12-31,,
13,China,1948.0,1946-12-31,,
14,China,1949.0,1946-12-31,1949-12-08,
15,Indonesia,1946.0,1946-12-31,,116.0
16,Indonesia,1947.0,1946-12-31,,116.0
17,Indonesia,1948.0,1946-12-31,,116.0
18,Indonesia,1949.0,1946-12-31,1949-08-15,116.0
19,Iran,1946.0,1946-05-31,1946-12-16,
20,Iran,1966.0,1966-12-31,,
21,Iran,1967.0,1966-12-31,,
22,Iran,1968.0,1966-12-31,1968-12-31,
23,Iran,1979.0,1979-12-31,,
24,Iran,1980.0,1979-12-31,,
25,Iran,1981.0,1979-12-31,,
26,Iran,1982.0,1979-12-31,,
27,Iran,1983.0,1979-12-31,,
28,Iran,1984.0,1979-12-31,,
29,Iran,1985.0,1979-12-31,,
30,Iran,1986.0,1979-12-31,,
31,Iran,1987.0,1979-12-31,,
32,Iran,1988.0,1979-12-31,1988-12-31,
33,Iran,1990.0,1990-07-10,1990-08-17,
34,Iran,1993.0,1993-09-12,1993-11-11,
35,Iran,1996.0,1996-07-28,1996-07-28,
36,Iran,2016.0,2016-12-20,2016-12-20,
37,Iran,1946.0,1946-12-16,1946-12-16,
38,Philippines,1946.0,1946-07-31,,196.0
39,Philippines,1947.0,1946-07-31,,196.0
40,Philippines,1948.0,1946-07-31,,196.0
41,Philippines,1949.0,1946-07-31,,196.0
42,Philippines,1950.0,1946-07-31,,196.0
43,Philippines,1951.0,1946-07-31,,196.0
44,Philippines,1952.0,1946-07-31,,196.0
45,Philippines,1953.0,1946-07-31,,196.0
46,Philippines,1954.0,1946-07-31,1954-12-31,196.0
47,Philippines,1969.0,1969-09-30,,196.0
48,Philippines,1970.0,1969-09-30,,196.0
49,Philippines,1971.0,1969-09-30,,196.0
50,Philippines,1972.0,1969-09-30,,196.0
51,Philippines,1973.0,1969-09-30,,196.0
52,Philippines,1974.0,1969-09-30,,196.0
53,Philippines,1975.0,1969-09-30,,196.0
54,Philippines,1976.0,1969-09-30,,196.0
55,Philippines,1977.0,1969-09-30,,196.0
56,Philippines,1978.0,1969-09-30,,196.0
57,Philippines,1979.0,1969-09-30,,196.0
58,Philippines,1980.0,1969-09-30,,196.0
59,Philippines,1981.0,1969-09-30,,196.0
60,Philippines,1982.0,1969-09-30,,196.0
61,Philippines,1983.0,1969-09-30,,196.0
62,Philippines,1984.0,1969-09-30,,196.0
63,Philippines,1985.0,1969-09-30,,196.0
64,Philippines,1986.0,1969-09-30,,196.0
65,Philippines,1988.0,1969-09-30,,196.0
66,Philippines,1991.0,1969-09-30,,196.0
67,Philippines,1992.0,1969-09-30,,196.0
68,Philippines,1993.0,1969-09-30,,196.0
69,Philippines,1994.0,1969-09-30,,196.0
70,Philippines,1995.0,1969-09-30,1995-11-29,196.0
71,Philippines,1997.0,1997-11-23,1997-12-30,196.0
72,Philippines,1999.0,1999-06-06,,196.0
73,Philippines,2000.0,1999-06-06,,196.0
74,Philippines,2001.0,1999-06-06,,196.0
75,Philippines,2002.0,1999-06-06,,196.0
76,Philippines,2003.0,1999-06-06,,196.0
77,Philippines,2004.0,1999-06-06,,196.0
78,Philippines,2005.0,1999-06-06,,196.0
79,Philippines,2006.0,1999-06-06,,196.0
80,Philippines,2007.0,1999-06-06,,196.0
81,Philippines,2008.0,1999-06-06,,196.0
82,Philippines,2009.0,1999-06-06,,196.0
83,Philippines,2010.0,1999-06-06,,196.0
84,Philippines,2011.0,1999-06-06,,196.0
85,Philippines,2012.0,1999-06-06,,196.0
86,Philippines,2013.0,1999-06-06,,196.0
87,Philippines,2014.0,1999-06-06,,196.0
88,Philippines,2015.0,1999-06-06,,196.0
89,Philippines,2016.0,1999-06-06,,196.0
90,China,1947.0,1947-02-28,1947-03-24,
91,Madagascar,1947.0,1947-03-29,1947-12-31,150.0
92,Myanmar,1949.0,1949-01-15,,171.0
93,Myanmar,1950.0,1949-01-15,,171.0
94,Myanmar,1951.0,1949-01-15,,171.0
95,Myanmar,1952.0,1949-01-15,,171.0
96,Myanmar,1953.0,1949-01-15,,171.0
97,Myanmar,1954.0,1949-01-15,,171.0
98,Myanmar,1955.0,1949-01-15,,171.0
99,Myanmar,1956.0,1949-01-15,,171.0
100,Myanmar,1957.0,1949-01-15,,171.0
101,Myanmar,1958.0,1949-01-15,,171.0
102,Myanmar,1959.0,1949-01-15,,171.0
103,Myanmar,1960.0,1949-01-15,,171.0
104,Myanmar,1961.0,1949-01-15,,171.0
105,Myanmar,1962.0,1949-01-15,,171.0
106,Myanmar,1963.0,1949-01-15,,171.0
107,Myanmar,1964.0,1949-01-15,,171.0
108,Myanmar,1965.0,1949-01-15,,171.0
109,Myanmar,1976.0,1949-01-15,,171.0
110,Myanmar,1977.0,1949-01-15,,171.0
111,Myanmar,1978.0,1949-01-15,,171.0
112,Myanmar,1979.0,1949-01-15,,171.0
113,Myanmar,1980.0,1949-01-15,,171.0
114,Myanmar,1981.0,1949-01-15,,171.0
115,Myanmar,1982.0,1949-01-15,,171.0
116,Myanmar,1983.0,1949-01-15,,171.0
117,Myanmar,1984.0,1949-01-15,,171.0
118,Myanmar,1985.0,1949-01-15,,171.0
119,Myanmar,1986.0,1949-01-15,,171.0
120,Myanmar,1987.0,1949-01-15,,171.0
121,Myanmar,1988.0,1949-01-15,,171.0
122,Myanmar,1989.0,1949-01-15,,171.0
123,Myanmar,1990.0,1949-01-15,,171.0
124,Myanmar,1991.0,1949-01-15,,171.0
125,Myanmar,1992.0,1949-01-15,1992-11-22,171.0
126,Myanmar,1994.0,1994-12-31,,171.0
127,Myanmar,1995.0,1994-12-31,1995-07-13,171.0
128,Myanmar,1997.0,1997-02-23,,171.0
129,Myanmar,1998.0,1997-02-23,1998-07-14,171.0
130,Myanmar,2001.0,2000-03-03,,171.0
131,Myanmar,2002.0,2000-03-03,,171.0
132,Myanmar,2003.0,2000-03-03,,171.0
133,Myanmar,2004.0,2000-03-03,,171.0
134,Myanmar,2005.0,2000-03-03,,171.0
135,Myanmar,2006.0,2000-03-03,,171.0
136,Myanmar,2007.0,2000-03-03,,171.0
137,Myanmar,2008.0,2000-03-03,,171.0
138,Myanmar,2009.0,2000-03-03,,171.0
139,Myanmar,2013.0,2013-04-29,2013-04-29,171.0
140,Myanmar,1954.0,1948-02-29,,171.0
141,Myanmar,1955.0,1948-02-29,,171.0
142,Myanmar,1956.0,1948-02-29,,171.0
143,Myanmar,1957.0,1948-02-29,,171.0
144,Myanmar,1958.0,1948-02-29,,171.0
145,Myanmar,1959.0,1948-02-29,,171.0
146,Myanmar,1960.0,1948-02-29,,171.0
147,Myanmar,1961.0,1948-02-29,,171.0
148,Myanmar,1962.0,1948-02-29,,171.0
149,Myanmar,1963.0,1948-02-29,,171.0
150,Myanmar,1964.0,1948-02-29,,171.0
151,Myanmar,1965.0,1948-02-29,,171.0
152,Myanmar,1966.0,1948-02-29,,171.0
153,Myanmar,1967.0,1948-02-29,,171.0
154,Myanmar,1968.0,1948-02-29,,171.0
155,Myanmar,1969.0,1948-02-29,,171.0
156,Myanmar,1971.0,1948-02-29,,171.0
157,Myanmar,1972.0,1948-02-29,,171.0
158,Myanmar,1973.0,1948-02-29,,171.0
159,Myanmar,1974.0,1948-02-29,,171.0
160,Myanmar,1975.0,1948-02-29,,171.0
161,Myanmar,1976.0,1948-02-29,,171.0
162,Myanmar,1977.0,1948-02-29,,171.0
163,Myanmar,1978.0,1948-02-29,,171.0
164,Myanmar,1979.0,1948-02-29,,171.0
165,Myanmar,1980.0,1948-02-29,,171.0
166,Myanmar,1981.0,1948-02-29,,171.0
167,Myanmar,1982.0,1948-02-29,,171.0
168,Myanmar,1983.0,1948-02-29,,171.0
169,Myanmar,1984.0,1948-02-29,,171.0
170,Myanmar,1985.0,1948-02-29,,171.0
171,Myanmar,1986.0,1948-02-29,,171.0
172,Myanmar,1987.0,1948-02-29,,171.0
173,Myanmar,1988.0,1948-02-29,1988-12-31,171.0
174,Myanmar,1990.0,1990-12-31,,171.0
175,Myanmar,1991.0,1990-12-31,,171.0
176,Myanmar,1992.0,1990-12-31,1992-12-31,171.0
177,Myanmar,1994.0,1994-12-31,1994-12-31,171.0
178,Myanmar,1958.0,1948-01-31,,171.0
179,Myanmar,1959.0,1948-01-31,,171.0
180,Myanmar,1960.0,1948-01-31,,171.0
181,Myanmar,1961.0,1948-01-31,1961-11-15,171.0
182,Myanmar,1974.0,1964-12-31,,171.0
183,Myanmar,1975.0,1964-12-31,,171.0
184,Myanmar,1976.0,1964-12-31,,171.0
185,Myanmar,1978.0,1964-12-31,1978-12-31,171.0
186,Myanmar,1991.0,1991-12-29,1991-12-29,171.0
187,Myanmar,1994.0,1994-05-15,1994-06-23,171.0
188,Myanmar,2016.0,2016-10-12,2016-11-15,171.0
189,Myanmar,1949.0,1949-02-28,,171.0
190,Myanmar,1950.0,1949-02-28,,171.0
191,Myanmar,1951.0,1949-02-28,,171.0
192,Myanmar,1952.0,1949-02-28,,171.0
193,Myanmar,1953.0,1949-02-28,,171.0
194,Myanmar,1954.0,1949-02-28,,171.0
195,Myanmar,1955.0,1949-02-28,,171.0
196,Myanmar,1956.0,1949-02-28,,171.0
197,Myanmar,1957.0,1949-02-28,,171.0
198,Myanmar,1958.0,1949-02-28,,171.0
199,Myanmar,1959.0,1949-02-28,,171.0
200,Myanmar,1960.0,1949-02-28,,171.0
201,Myanmar,1961.0,1949-02-28,,171.0
202,Myanmar,1962.0,1949-02-28,,171.0
203,Myanmar,1963.0,1949-02-28,1963-12-31,171.0
204,Myanmar,1990.0,1990-02-13,1990-03-22,171.0
205,Myanmar,1996.0,1996-12-23,1996-12-23,171.0
206,India,1948.0,1948-09-18,,115.0
207,India,1949.0,1948-09-18,,115.0
208,India,1950.0,1948-09-18,,115.0
209,India,1951.0,1948-09-18,1951-12-31,115.0
210,India,1969.0,1969-12-31,,115.0
211,India,1970.0,1969-12-31,,115.0
212,India,1971.0,1969-12-31,1971-12-31,115.0
213,India,1991.0,1991-07-16,,115.0
214,India,1992.0,1991-07-16,,115.0
215,India,1993.0,1991-07-16,,115.0
216,India,1994.0,1991-07-16,1994-12-02,115.0
217,India,1996.0,1996-04-03,,115.0
218,India,1997.0,1996-04-03,,115.0
219,India,1998.0,1996-04-03,,115.0
220,India,2005.0,1996-04-03,,115.0
221,India,2006.0,1996-04-03,,115.0
222,India,2007.0,1996-04-03,,115.0
223,India,2008.0,1996-04-03,,115.0
224,India,2009.0,1996-04-03,,115.0
225,India,2010.0,1996-04-03,,115.0
226,India,2011.0,1996-04-03,,115.0
227,India,2012.0,1996-04-03,,115.0
228,India,2013.0,1996-04-03,,115.0
229,India,2014.0,1996-04-03,,115.0
230,India,2015.0,1996-04-03,,115.0
231,India,2016.0,1996-04-03,,115.0
232,Yemen,1948.0,1948-03-15,1948-03-15,269.0
233,Yemen,1962.0,1962-10-31,,269.0
234,Yemen,1963.0,1962-10-31,,269.0
235,Yemen,1964.0,1962-10-31,,269.0
236,Yemen,1965.0,1962-10-31,,269.0
237,Yemen,1966.0,1962-10-31,,269.0
238,Yemen,1967.0,1962-10-31,,269.0
239,Yemen,1968.0,1962-10-31,,269.0
240,Yemen,1969.0,1962-10-31,,269.0
241,Yemen,1970.0,1962-10-31,1970-05-23,269.0
242,Yemen,1979.0,1979-03-31,,269.0
243,Yemen,1980.0,1979-03-31,,269.0
244,Yemen,1981.0,1979-03-31,,269.0
245,Yemen,1982.0,1979-03-31,1982-05-31,269.0
246,Yemen,2009.0,2009-12-17,,269.0
247,Yemen,2010.0,2009-12-17,,269.0
248,Yemen,2011.0,2009-12-17,,269.0
249,Yemen,2012.0,2009-12-17,,269.0
250,Yemen,2013.0,2009-12-17,,269.0
251,Myanmar,1949.0,1949-12-31,,171.0
252,Myanmar,1950.0,1949-12-31,1950-05-05,171.0
253,Myanmar,1961.0,1961-02-28,,171.0
254,Myanmar,1962.0,1961-02-28,,171.0
255,Myanmar,1963.0,1961-02-28,,171.0
256,Myanmar,1964.0,1961-02-28,,171.0
257,Myanmar,1965.0,1961-02-28,,171.0
258,Myanmar,1966.0,1961-02-28,,171.0
259,Myanmar,1967.0,1961-02-28,,171.0
260,Myanmar,1968.0,1961-02-28,,171.0
261,Myanmar,1969.0,1961-02-28,,171.0
262,Myanmar,1970.0,1961-02-28,,171.0
263,Myanmar,1971.0,1961-02-28,,171.0
264,Myanmar,1972.0,1961-02-28,,171.0
265,Myanmar,1973.0,1961-02-28,,171.0
266,Myanmar,1974.0,1961-02-28,,171.0
267,Myanmar,1975.0,1961-02-28,,171.0
268,Myanmar,1976.0,1961-02-28,,171.0
269,Myanmar,1977.0,1961-02-28,,171.0
270,Myanmar,1978.0,1961-02-28,,171.0
271,Myanmar,1979.0,1961-02-28,,171.0
272,Myanmar,1980.0,1961-02-28,,171.0
273,Myanmar,1981.0,1961-02-28,,171.0
274,Myanmar,1982.0,1961-02-28,,171.0
275,Myanmar,1983.0,1961-02-28,,171.0
276,Myanmar,1984.0,1961-02-28,,171.0
277,Myanmar,1985.0,1961-02-28,,171.0
278,Myanmar,1986.0,1961-02-28,,171.0
279,Myanmar,1987.0,1961-02-28,,171.0
280,Myanmar,1988.0,1961-02-28,,171.0
281,Myanmar,1989.0,1961-02-28,,171.0
282,Myanmar,1990.0,1961-02-28,,171.0
283,Myanmar,1991.0,1961-02-28,,171.0
284,Myanmar,1992.0,1961-02-28,1992-12-31,171.0
285,Myanmar,2011.0,2011-06-27,,171.0
286,Myanmar,2012.0,2011-06-27,,171.0
287,Myanmar,2013.0,2011-06-27,,171.0
288,Myanmar,2014.0,2011-06-27,,171.0
289,Myanmar,2015.0,2011-06-27,,171.0
290,Myanmar,2016.0,2011-06-27,,171.0
291,Guatemala,1949.0,1949-07-18,1949-07-19,103.0
292,Guatemala,1954.0,1954-06-18,1954-06-27,103.0
293,Guatemala,1963.0,1963-07-31,1963-12-31,103.0
294,Guatemala,1965.0,1965-12-31,,103.0
295,Guatemala,1966.0,1965-12-31,,103.0
296,Guatemala,1967.0,1965-12-31,,103.0
297,Guatemala,1968.0,1965-12-31,,103.0
298,Guatemala,1969.0,1965-12-31,,103.0
299,Guatemala,1982.0,1965-12-31,,103.0
300,Guatemala,1983.0,1965-12-31,,103.0
301,Guatemala,1984.0,1965-12-31,,103.0
302,Guatemala,1985.0,1965-12-31,,103.0
303,Guatemala,1986.0,1965-12-31,,103.0
304,Guatemala,1987.0,1965-12-31,,103.0
305,Guatemala,1988.0,1965-12-31,,103.0
306,Guatemala,1989.0,1965-12-31,,103.0
307,Guatemala,1990.0,1965-12-31,,103.0
308,Guatemala,1991.0,1965-12-31,,103.0
309,Guatemala,1992.0,1965-12-31,,103.0
310,Guatemala,1993.0,1965-12-31,,103.0
311,Guatemala,1994.0,1965-12-31,,103.0
312,Guatemala,1995.0,1965-12-31,1995-12-31,103.0
313,China,1950.0,1950-10-07,1950-10-09,
314,China,1956.0,1956-05-31,1956-12-31,
315,China,1959.0,1959-03-10,1959-04-23,
316,Indonesia,1950.0,1950-08-05,1950-11-15,116.0
317,Kenya,1952.0,1952-10-22,,133.0
318,Kenya,1953.0,1952-10-22,,133.0
319,Kenya,1954.0,1952-10-22,,133.0
320,Kenya,1955.0,1952-10-22,,133.0
321,Kenya,1956.0,1952-10-22,1956-12-31,133.0
322,Cuba,1953.0,1953-07-26,1953-07-27,
323,Cuba,1956.0,1956-12-05,,
324,Cuba,1957.0,1956-12-05,,
325,Cuba,1958.0,1956-12-05,1958-12-31,
326,Cuba,1961.0,1961-04-17,1961-04-20,
327,Indonesia,1953.0,1953-12-31,1953-12-31,116.0
328,Tunisia,1953.0,1953-04-30,,
329,Tunisia,1954.0,1953-04-30,,
330,Tunisia,1955.0,1953-04-30,,
331,Tunisia,1956.0,1953-04-30,1956-03-20,
332,Algeria,1954.0,1954-11-29,,4.0
333,Algeria,1958.0,1954-11-29,,4.0
334,Algeria,1959.0,1954-11-29,,4.0
335,Algeria,1960.0,1954-11-29,,4.0
336,Algeria,1961.0,1954-11-29,,4.0
337,Algeria,1962.0,1954-11-29,1962-03-19,4.0
338,India,1956.0,1956-12-31,,115.0
339,India,1957.0,1956-12-31,,115.0
340,India,1958.0,1956-12-31,,115.0
341,India,1959.0,1956-12-31,1959-12-31,115.0
342,India,1961.0,1961-12-31,,115.0
343,India,1962.0,1961-12-31,,115.0
344,India,1963.0,1961-12-31,,115.0
345,India,1964.0,1961-12-31,,115.0
346,India,1965.0,1961-12-31,,115.0
347,India,1966.0,1961-12-31,,115.0
348,India,1967.0,1961-12-31,,115.0
349,India,1968.0,1961-12-31,1968-06-15,115.0
350,India,1992.0,1992-08-05,,115.0
351,India,1993.0,1992-08-05,,115.0
352,India,1994.0,1992-08-05,,115.0
353,India,1995.0,1992-08-05,,115.0
354,India,1996.0,1992-08-05,,115.0
355,India,1997.0,1992-08-05,1997-07-22,115.0
356,India,2000.0,2000-09-13,2000-09-13,115.0
357,Myanmar,1957.0,1957-12-31,1957-12-31,171.0
358,Myanmar,1987.0,1987-12-31,1987-12-31,171.0
359,Myanmar,1992.0,1992-09-22,1992-11-06,171.0
360,Myanmar,1996.0,1996-03-06,1996-10-06,171.0
361,Myanmar,2005.0,2005-01-16,2005-01-25,171.0
362,Cameroon,1957.0,1957-09-30,,45.0
363,Cameroon,1958.0,1957-09-30,,45.0
364,Cameroon,1959.0,1957-09-30,1959-12-31,45.0
365,Iraq,1958.0,1958-07-14,,118.0
366,Iraq,1959.0,1958-07-14,1959-03-10,118.0
367,Iraq,1982.0,1982-08-01,,118.0
368,Iraq,1983.0,1982-08-01,,118.0
369,Iraq,1984.0,1982-08-01,1984-12-31,118.0
370,Iraq,1987.0,1987-12-31,1987-12-31,118.0
371,Iraq,1991.0,1991-04-24,,118.0
372,Iraq,1992.0,1991-04-24,,118.0
373,Iraq,1993.0,1991-04-24,,118.0
374,Iraq,1994.0,1991-04-24,,118.0
375,Iraq,1995.0,1991-04-24,,118.0
376,Iraq,1996.0,1991-04-24,1996-10-25,118.0
377,Iraq,2010.0,2004-01-18,,118.0
378,Iraq,2012.0,2004-01-18,,118.0
379,Iraq,2013.0,2004-01-18,,118.0
380,Lebanon,1958.0,1958-05-15,1958-07-31,141.0
381,Lebanon,1975.0,1975-09-09,,141.0
382,Lebanon,1982.0,1982-09-01,,141.0
383,Lebanon,1985.0,1982-09-01,,141.0
384,Lebanon,1990.0,1989-03-14,1990-10-13,141.0
385,Angola,1962.0,1961-02-04,,
386,Myanmar,1959.0,1959-11-22,,171.0
387,Myanmar,1960.0,1959-11-22,,171.0
388,Myanmar,1961.0,1959-11-22,,171.0
389,Myanmar,1962.0,1959-11-22,,171.0
390,Myanmar,1963.0,1959-11-22,,171.0
391,Myanmar,1964.0,1959-11-22,,171.0
392,Myanmar,1965.0,1959-11-22,,171.0
393,Myanmar,1966.0,1959-11-22,,171.0
394,Myanmar,1967.0,1959-11-22,,171.0
395,Myanmar,1968.0,1959-11-22,,171.0
396,Myanmar,1972.0,1972-12-31,,171.0
397,Myanmar,1973.0,1972-12-31,1973-12-31,171.0
398,Myanmar,1977.0,1976-08-31,,171.0
399,Myanmar,1978.0,1976-08-31,,171.0
400,Myanmar,1979.0,1976-08-31,,171.0
401,Myanmar,1980.0,1976-08-31,,171.0
402,Myanmar,1981.0,1976-08-31,,171.0
403,Myanmar,1982.0,1976-08-31,,171.0
404,Myanmar,1983.0,1976-08-31,,171.0
405,Myanmar,1984.0,1976-08-31,,171.0
406,Myanmar,1985.0,1976-08-31,,171.0
407,Myanmar,1986.0,1976-08-31,,171.0
408,Myanmar,1987.0,1976-08-31,,171.0
409,Myanmar,1988.0,1976-08-31,1988-12-31,171.0
410,Myanmar,1993.0,1993-07-16,,171.0
411,Myanmar,1994.0,1993-07-16,,171.0
412,Myanmar,1995.0,1993-07-16,,171.0
413,Myanmar,1996.0,1993-07-16,,171.0
414,Myanmar,1997.0,1993-07-16,,171.0
415,Myanmar,1998.0,1993-07-16,,171.0
416,Myanmar,1999.0,1993-07-16,,171.0
417,Myanmar,2000.0,1993-07-16,,171.0
418,Myanmar,2001.0,1993-07-16,,171.0
419,Myanmar,2002.0,1993-07-16,2002-09-24,171.0
420,Myanmar,2005.0,2005-12-27,,171.0
421,Myanmar,2006.0,2005-12-27,,171.0
422,Myanmar,2007.0,2005-12-27,,171.0
423,Myanmar,2008.0,2005-12-27,,171.0
424,Myanmar,2009.0,2005-12-27,,171.0
425,Myanmar,2010.0,2005-12-27,,171.0
426,Myanmar,2015.0,2015-10-18,2015-11-30,171.0
427,Ethiopia,1960.0,1960-12-17,1960-12-17,79.0
428,Ethiopia,1979.0,1976-06-02,,79.0
429,Ethiopia,1980.0,1976-06-02,,79.0
430,Ethiopia,1981.0,1976-06-02,,79.0
431,Ethiopia,1982.0,1976-06-02,,79.0
432,Ethiopia,1988.0,1976-06-02,,79.0
433,Ethiopia,1990.0,1976-06-02,,79.0
434,Nepal,1960.0,1960-02-29,,175.0
435,Nepal,1961.0,1960-02-29,,175.0
436,Nepal,1962.0,1960-02-29,1962-12-31,175.0
437,Nepal,1996.0,1996-08-23,,175.0
438,Nepal,1997.0,1996-08-23,,175.0
439,Nepal,1998.0,1996-08-23,,175.0
440,Nepal,1999.0,1996-08-23,,175.0
441,Nepal,2000.0,1996-08-23,,175.0
442,Nepal,2001.0,1996-08-23,,175.0
443,Nepal,2002.0,1996-08-23,,175.0
444,Nepal,2003.0,1996-08-23,,175.0
445,Nepal,2004.0,1996-08-23,,175.0
446,Nepal,2005.0,1996-08-23,,175.0
447,Nepal,2006.0,1996-08-23,2006-09-21,175.0
448,Iraq,1961.0,1961-12-31,,118.0
449,Iraq,1962.0,1961-12-31,,118.0
450,Iraq,1963.0,1961-12-31,,118.0
451,Iraq,1964.0,1961-12-31,,118.0
452,Iraq,1965.0,1961-12-31,,118.0
453,Iraq,1966.0,1961-12-31,,118.0
454,Iraq,1967.0,1961-12-31,,118.0
455,Iraq,1968.0,1961-12-31,,118.0
456,Iraq,1969.0,1961-12-31,,118.0
457,Iraq,1970.0,1961-12-31,1970-03-11,118.0
458,Iraq,1973.0,1973-07-31,,118.0
459,Iraq,1974.0,1973-07-31,,118.0
460,Iraq,1975.0,1973-07-31,,118.0
461,Iraq,1976.0,1973-07-31,,118.0
462,Iraq,1979.0,1973-07-31,,118.0
463,Iraq,1984.0,1973-07-31,,118.0
464,Iraq,1985.0,1973-07-31,,118.0
465,Iraq,1992.0,1973-07-31,1992-03-13,118.0
466,Iraq,1995.0,1995-03-14,,118.0
467,Iraq,1996.0,1995-03-14,1996-09-30,118.0
468,Ethiopia,1964.0,1964-03-15,,79.0
469,Ethiopia,1965.0,1964-03-15,,79.0
470,Ethiopia,1966.0,1964-03-15,,79.0
471,Ethiopia,1967.0,1964-03-15,,79.0
472,Ethiopia,1968.0,1964-03-15,,79.0
473,Ethiopia,1969.0,1964-03-15,,79.0
474,Ethiopia,1970.0,1964-03-15,,79.0
475,Ethiopia,1971.0,1964-03-15,,79.0
476,Ethiopia,1972.0,1964-03-15,,79.0
477,Ethiopia,1974.0,1964-03-15,,79.0
478,Ethiopia,1981.0,1964-03-15,,79.0
479,Ethiopia,1982.0,1964-03-15,,79.0
480,Ethiopia,1983.0,1964-03-15,,79.0
481,Ethiopia,1984.0,1964-03-15,,79.0
482,Ethiopia,1985.0,1964-03-15,,79.0
483,Ethiopia,1986.0,1964-03-15,,79.0
484,Ethiopia,1987.0,1964-03-15,,79.0
485,Ethiopia,1988.0,1964-03-15,,79.0
486,Ethiopia,1989.0,1964-03-15,,79.0
487,Ethiopia,1990.0,1964-03-15,,79.0
488,Ethiopia,1991.0,1964-03-15,1991-05-31,79.0
489,Guinea-Bissau,1963.0,1963-02-28,,105.0
490,Guinea-Bissau,1964.0,1963-02-28,,105.0
491,Guinea-Bissau,1965.0,1963-02-28,,105.0
492,Guinea-Bissau,1966.0,1963-02-28,,105.0
493,Guinea-Bissau,1967.0,1963-02-28,,105.0
494,Guinea-Bissau,1968.0,1963-02-28,,105.0
495,Guinea-Bissau,1969.0,1963-02-28,,105.0
496,Guinea-Bissau,1970.0,1963-02-28,,105.0
497,Guinea-Bissau,1971.0,1963-02-28,,105.0
498,Guinea-Bissau,1972.0,1963-02-28,,105.0
499,Guinea-Bissau,1973.0,1963-02-28,1973-12-31,105.0
500,Sudan,1963.0,1963-12-31,,40764.0
501,Sudan,1964.0,1963-12-31,,40764.0
502,Sudan,1965.0,1963-12-31,,40764.0
503,Sudan,1966.0,1963-12-31,,40764.0
504,Sudan,1967.0,1963-12-31,,40764.0
505,Sudan,1968.0,1963-12-31,,40764.0
506,Sudan,1969.0,1963-12-31,,40764.0
507,Sudan,1970.0,1963-12-31,,40764.0
508,Sudan,1971.0,1963-12-31,,40764.0
509,Sudan,1972.0,1963-12-31,1972-01-31,40764.0
510,Mozambique,1964.0,1964-11-19,,170.0
511,Mozambique,1965.0,1964-11-19,,170.0
512,Mozambique,1966.0,1964-11-19,,170.0
513,Mozambique,1967.0,1964-11-19,,170.0
514,Mozambique,1968.0,1964-11-19,,170.0
515,Mozambique,1969.0,1964-11-19,,170.0
516,Mozambique,1970.0,1964-11-19,,170.0
517,Mozambique,1971.0,1964-11-19,,170.0
518,Mozambique,1972.0,1964-11-19,,170.0
519,Mozambique,1973.0,1964-11-19,,170.0
520,Mozambique,1974.0,1964-11-19,1974-09-07,170.0
521,Burundi,1965.0,1965-10-19,1965-10-19,43.0
522,Burundi,1991.0,1991-11-27,,43.0
523,Burundi,1992.0,1991-11-27,1992-04-14,43.0
524,Burundi,1994.0,1994-10-18,,43.0
525,Burundi,1995.0,1994-10-18,,43.0
526,Burundi,1996.0,1994-10-18,,43.0
527,Burundi,2004.0,1994-10-18,,43.0
528,Burundi,2005.0,1994-10-18,,43.0
529,Burundi,2006.0,1994-10-18,2006-09-26,43.0
530,Burundi,2008.0,2008-03-01,2008-08-22,43.0
531,Burundi,2014.0,2014-12-30,,43.0
532,Chad,1966.0,1966-07-31,,50.0
533,Chad,1967.0,1966-07-31,,50.0
534,Chad,1968.0,1966-07-31,,50.0
535,Chad,1969.0,1966-07-31,,50.0
536,Chad,1970.0,1966-07-31,,50.0
537,Chad,1972.0,1966-07-31,1972-11-24,50.0
538,Chad,1976.0,1976-02-18,,50.0
539,Chad,1978.0,1976-02-18,,50.0
540,Chad,1980.0,1976-02-18,,50.0
541,Chad,1981.0,1976-02-18,,50.0
542,Chad,1983.0,1976-02-18,,50.0
543,Chad,1984.0,1976-02-18,1984-12-31,50.0
544,Chad,1986.0,1986-12-31,,50.0
545,Chad,1998.0,1997-10-30,,50.0
546,Chad,1999.0,1997-10-30,,50.0
547,Chad,2000.0,1997-10-30,,50.0
548,Chad,2001.0,1997-10-30,,50.0
549,Chad,2002.0,1997-10-30,,50.0
550,Chad,2003.0,1997-10-30,2003-12-14,50.0
551,Chad,2005.0,2005-12-18,,50.0
552,Chad,2007.0,2005-12-18,,50.0
553,Chad,2008.0,2005-12-18,,50.0
554,Chad,2009.0,2005-12-18,,50.0
555,Chad,2010.0,2005-12-18,2010-04-28,50.0
556,Colombia,1964.0,1964-12-31,,57.0
557,Colombia,1965.0,1964-12-31,,57.0
558,Colombia,1967.0,1964-12-31,,57.0
559,Colombia,1968.0,1964-12-31,,57.0
560,Colombia,1969.0,1964-12-31,,57.0
561,Colombia,1970.0,1964-12-31,,57.0
562,Colombia,1971.0,1964-12-31,,57.0
563,Colombia,1972.0,1964-12-31,,57.0
564,Colombia,1973.0,1964-12-31,,57.0
565,Colombia,1974.0,1964-12-31,,57.0
566,Colombia,1975.0,1964-12-31,,57.0
567,Colombia,1976.0,1964-12-31,,57.0
568,Colombia,1977.0,1964-12-31,,57.0
569,Colombia,1980.0,1964-12-31,,57.0
570,Colombia,2007.0,1964-12-31,,57.0
571,Colombia,2009.0,1964-12-31,,57.0
572,Colombia,2011.0,1964-12-31,,57.0
573,Colombia,2012.0,1964-12-31,,57.0
574,Colombia,2014.0,1964-12-31,,57.0
575,Colombia,2016.0,1964-12-31,2016-12-29,57.0
576,Dominican Republic,1965.0,1965-04-24,1965-08-31,
577,Indonesia,1965.0,1965-07-28,1965-12-31,116.0
578,Indonesia,1967.0,1967-12-31,,116.0
579,Indonesia,1968.0,1967-12-31,,116.0
580,Indonesia,1969.0,1967-12-31,1969-12-31,116.0
581,Indonesia,1976.0,1976-12-31,,116.0
582,Indonesia,1977.0,1976-12-31,,116.0
583,Indonesia,1978.0,1976-12-31,1978-12-31,116.0
584,Indonesia,1981.0,1981-12-31,1981-12-31,116.0
585,Indonesia,1984.0,1984-12-31,1984-12-31,116.0
586,Peru,1982.0,1982-08-22,,195.0
587,Peru,1983.0,1982-08-22,,195.0
588,Peru,1984.0,1982-08-22,,195.0
589,Peru,1985.0,1982-08-22,,195.0
590,Peru,1986.0,1982-08-22,,195.0
591,Peru,1987.0,1982-08-22,,195.0
592,Peru,1988.0,1982-08-22,,195.0
593,Peru,1994.0,1982-08-22,,195.0
594,Peru,1995.0,1982-08-22,,195.0
595,Peru,1996.0,1982-08-22,,195.0
596,Peru,1997.0,1982-08-22,,195.0
597,Peru,1998.0,1982-08-22,,195.0
598,Peru,1999.0,1982-08-22,1999-11-26,195.0
599,Peru,2007.0,2007-11-14,,195.0
600,Peru,2008.0,2007-11-14,,195.0
601,Peru,2009.0,2007-11-14,,195.0
602,Peru,2010.0,2007-11-14,2010-12-30,195.0
603,Ghana,1966.0,1966-02-24,1966-02-24,94.0
604,Ghana,1981.0,1981-12-31,1981-12-31,94.0
605,Ghana,1983.0,1983-06-19,1983-06-19,94.0
606,India,1966.0,1966-09-01,,115.0
607,India,1967.0,1966-09-01,,115.0
608,India,1968.0,1966-09-01,1968-12-31,115.0
609,Nigeria,1966.0,1966-01-15,1966-07-29,182.0
610,Nigeria,2009.0,2009-07-26,2009-07-30,182.0
611,Nigeria,2011.0,2011-03-01,,182.0
612,Nigeria,2016.0,2011-03-01,,182.0
613,Cambodia,1967.0,1967-05-31,,44.0
614,Cambodia,1968.0,1967-05-31,,44.0
615,Cambodia,1969.0,1967-05-31,,44.0
616,Cambodia,1974.0,1967-05-31,,44.0
617,Cambodia,1975.0,1967-05-31,1975-04-17,44.0
618,Cambodia,1978.0,1978-12-30,,44.0
619,Cambodia,1992.0,1978-12-30,,44.0
620,Cambodia,1993.0,1978-12-30,,44.0
621,Cambodia,1994.0,1978-12-30,,44.0
622,Cambodia,1995.0,1978-12-30,,44.0
623,Cambodia,1996.0,1978-12-30,,44.0
624,Cambodia,1998.0,1978-12-30,1998-10-03,44.0
625,Nigeria,1967.0,1967-07-06,,182.0
626,Nigeria,1968.0,1967-07-06,,182.0
627,Nigeria,1969.0,1967-07-06,,182.0
628,Nigeria,1970.0,1967-07-06,1970-01-12,182.0
629,Guinea,2000.0,2000-09-17,,106.0
630,Guinea,2001.0,2000-09-17,2001-07-19,106.0
631,Philippines,1970.0,1970-08-20,,196.0
632,Philippines,1971.0,1970-08-20,,196.0
633,Philippines,1972.0,1970-08-20,,196.0
634,Philippines,1973.0,1970-08-20,,196.0
635,Philippines,1974.0,1970-08-20,,196.0
636,Philippines,1975.0,1970-08-20,,196.0
637,Philippines,1976.0,1970-08-20,,196.0
638,Philippines,1977.0,1970-08-20,,196.0
639,Philippines,1978.0,1970-08-20,,196.0
640,Philippines,1979.0,1970-08-20,,196.0
641,Philippines,1980.0,1970-08-20,,196.0
642,Philippines,1981.0,1970-08-20,,196.0
643,Philippines,1982.0,1970-08-20,,196.0
644,Philippines,1983.0,1970-08-20,,196.0
645,Philippines,1984.0,1970-08-20,,196.0
646,Philippines,1985.0,1970-08-20,,196.0
647,Philippines,1986.0,1970-08-20,,196.0
648,Philippines,1987.0,1970-08-20,,196.0
649,Philippines,1988.0,1970-08-20,,196.0
650,Philippines,1989.0,1970-08-20,,196.0
651,Philippines,1995.0,1993-02-09,,196.0
652,Philippines,1999.0,1993-02-09,,196.0
653,Philippines,2006.0,1993-02-09,,196.0
654,Philippines,2008.0,1993-02-09,,196.0
655,Philippines,2010.0,1993-02-09,,196.0
656,Sudan,1971.0,1971-07-22,1971-07-22,40764.0
657,Sudan,1976.0,1976-07-02,1976-07-02,40764.0
658,Sudan,1983.0,1983-05-17,,40764.0
659,Sudan,1984.0,1983-05-17,,40764.0
660,Sudan,1985.0,1983-05-17,,40764.0
661,Sudan,1986.0,1983-05-17,,40764.0
662,Sudan,1987.0,1983-05-17,,40764.0
663,Sudan,1988.0,1983-05-17,,40764.0
664,Sudan,1989.0,1983-05-17,,40764.0
665,Sudan,1990.0,1983-05-17,,40764.0
666,Sudan,1991.0,1983-05-17,,40764.0
667,Sudan,1992.0,1983-05-17,,40764.0
668,Sudan,1993.0,1983-05-17,,40764.0
669,Sudan,1994.0,1983-05-17,,40764.0
670,Sudan,1995.0,1983-05-17,,40764.0
671,Sudan,2002.0,1983-05-17,,40764.0
672,Sudan,2005.0,1983-05-17,,40764.0
673,Sudan,2012.0,1983-05-17,,40764.0
674,Sudan,2013.0,1983-05-17,,40764.0
675,Sudan,2016.0,1983-05-17,,40764.0
676,Madagascar,1971.0,1971-04-30,1971-04-30,150.0
677,Pakistan,1971.0,1971-03-26,1971-12-16,188.0
678,Sri Lanka,1971.0,1971-04-30,1971-06-09,231.0
679,Sri Lanka,1989.0,1989-02-13,,231.0
680,Sri Lanka,1990.0,1989-02-13,1990-02-23,231.0
681,Uganda,1971.0,1971-01-29,,253.0
682,Uganda,1972.0,1971-01-29,1972-09-20,253.0
683,Uganda,1974.0,1974-03-23,1974-03-23,253.0
684,Uganda,1980.0,1979-01-22,,253.0
685,Uganda,1984.0,1979-01-22,,253.0
686,Uganda,1985.0,1979-01-22,,253.0
687,Uganda,1992.0,1979-01-22,1992-08-09,253.0
688,Uganda,1994.0,1994-02-21,,253.0
689,Uganda,1995.0,1994-02-21,,253.0
690,Uganda,1999.0,1994-02-21,,253.0
691,Uganda,2003.0,1994-02-21,,253.0
692,Uganda,2004.0,1994-02-21,,253.0
693,Uganda,2005.0,1994-02-21,,253.0
694,Uganda,2006.0,1994-02-21,,253.0
695,Uganda,2007.0,1994-02-21,,253.0
696,Uganda,2015.0,2013-06-24,,253.0
697,Uganda,2016.0,2013-06-24,,253.0
698,El Salvador,1972.0,1972-03-25,1972-03-25,75.0
699,El Salvador,1980.0,1979-09-14,,75.0
700,El Salvador,1981.0,1979-09-14,,75.0
701,El Salvador,1982.0,1979-09-14,,75.0
702,El Salvador,1983.0,1979-09-14,,75.0
703,El Salvador,1984.0,1979-09-14,,75.0
704,El Salvador,1985.0,1979-09-14,,75.0
705,El Salvador,1986.0,1979-09-14,,75.0
706,El Salvador,1987.0,1979-09-14,,75.0
707,El Salvador,1988.0,1979-09-14,,75.0
708,El Salvador,1989.0,1979-09-14,,75.0
709,El Salvador,1990.0,1979-09-14,,75.0
710,El Salvador,1991.0,1979-09-14,1991-11-18,75.0
711,Zimbabwe,1967.0,1967-09-05,,271.0
712,Zimbabwe,1968.0,1967-09-05,1968-12-31,271.0
713,Zimbabwe,1975.0,1973-04-04,,271.0
714,Zimbabwe,1977.0,1973-04-04,,271.0
715,Zimbabwe,1978.0,1973-04-04,,271.0
716,Zimbabwe,1979.0,1973-04-04,1979-12-21,271.0
717,Bangladesh,1975.0,1975-02-28,,23.0
718,Bangladesh,1976.0,1975-02-28,,23.0
719,Bangladesh,1977.0,1975-02-28,,23.0
720,Bangladesh,1978.0,1975-02-28,,23.0
721,Bangladesh,1979.0,1975-02-28,,23.0
722,Bangladesh,1980.0,1975-02-28,,23.0
723,Bangladesh,1981.0,1975-02-28,,23.0
724,Bangladesh,1982.0,1975-02-28,,23.0
725,Bangladesh,1983.0,1975-02-28,,23.0
726,Bangladesh,1984.0,1975-02-28,,23.0
727,Bangladesh,1985.0,1975-02-28,,23.0
728,Bangladesh,1986.0,1975-02-28,,23.0
729,Bangladesh,1987.0,1975-02-28,,23.0
730,Bangladesh,1988.0,1975-02-28,,23.0
731,Bangladesh,1989.0,1975-02-28,,23.0
732,Bangladesh,1990.0,1975-02-28,,23.0
733,Bangladesh,1991.0,1975-02-28,1991-12-31,23.0
734,Pakistan,1974.0,1974-12-31,,188.0
735,Pakistan,1975.0,1974-12-31,,188.0
736,Pakistan,1976.0,1974-12-31,,188.0
737,Pakistan,1977.0,1974-12-31,1977-07-05,188.0
738,Pakistan,2004.0,2004-08-01,2004-12-25,188.0
739,Pakistan,2007.0,2006-03-26,,188.0
740,Pakistan,2011.0,2011-07-05,,188.0
741,Pakistan,2013.0,2011-07-05,,188.0
742,Angola,1980.0,1975-11-11,,
743,Angola,1981.0,1975-11-11,,
744,Angola,1982.0,1975-11-11,,
745,Angola,1983.0,1975-11-11,,
746,Angola,1984.0,1975-11-11,,
747,Angola,1985.0,1975-11-11,,
748,Angola,1986.0,1975-11-11,,
749,Angola,1987.0,1975-11-11,,
750,Angola,1988.0,1975-11-11,,
751,Angola,1989.0,1975-11-11,,
752,Angola,1990.0,1975-11-11,,
753,Angola,1991.0,1975-11-11,,
754,Angola,1992.0,1975-11-11,,
755,Angola,1993.0,1975-11-11,,
756,Angola,1994.0,1975-11-11,,
757,Angola,1995.0,1975-11-11,1995-12-24,
758,Angola,1998.0,1998-05-02,,
759,Angola,1999.0,1998-05-02,,
760,Angola,2000.0,1998-05-02,,
761,Angola,2001.0,1998-05-02,,
762,Angola,2002.0,1998-05-02,2002-04-01,
763,Ethiopia,1964.0,1964-01-11,1964-12-31,79.0
764,Ethiopia,1976.0,1976-10-31,,79.0
765,Ethiopia,1979.0,1976-10-31,,79.0
766,Ethiopia,1980.0,1976-10-31,,79.0
767,Ethiopia,1981.0,1976-10-31,,79.0
768,Ethiopia,1982.0,1976-10-31,,79.0
769,Ethiopia,1983.0,1976-10-31,1983-12-31,79.0
770,Ethiopia,1993.0,1993-10-13,,79.0
771,Ethiopia,1994.0,1993-10-13,1994-02-26,79.0
772,Ethiopia,1998.0,1998-12-31,,79.0
773,Ethiopia,2000.0,1998-12-31,,79.0
774,Ethiopia,2001.0,1998-12-31,,79.0
775,Ethiopia,2002.0,1998-12-31,,79.0
776,Ethiopia,2003.0,1998-12-31,,79.0
777,Ethiopia,2004.0,1998-12-31,,79.0
778,Ethiopia,2005.0,1998-12-31,,79.0
779,Ethiopia,2006.0,1998-12-31,,79.0
780,Ethiopia,2007.0,1998-12-31,,79.0
781,Ethiopia,2008.0,1998-12-31,,79.0
782,Ethiopia,2009.0,1998-12-31,,79.0
783,Ethiopia,2010.0,1998-12-31,,79.0
784,Ethiopia,2011.0,1998-12-31,,79.0
785,Ethiopia,2012.0,1998-12-31,,79.0
786,Ethiopia,2013.0,1998-12-31,,79.0
787,Ethiopia,2014.0,1998-12-31,,79.0
788,Ethiopia,2015.0,1998-12-31,,79.0
789,Ethiopia,2016.0,1998-12-31,2016-12-31,79.0
790,Indonesia,1975.0,1975-12-07,,116.0
791,Indonesia,1976.0,1975-12-07,,116.0
792,Indonesia,1977.0,1975-12-07,,116.0
793,Indonesia,1978.0,1975-12-07,,116.0
794,Indonesia,1979.0,1975-12-07,,116.0
795,Indonesia,1980.0,1975-12-07,,116.0
796,Indonesia,1981.0,1975-12-07,,116.0
797,Indonesia,1982.0,1975-12-07,,116.0
798,Indonesia,1983.0,1975-12-07,,116.0
799,Indonesia,1984.0,1975-12-07,,116.0
800,Indonesia,1985.0,1975-12-07,,116.0
801,Indonesia,1986.0,1975-12-07,,116.0
802,Indonesia,1987.0,1975-12-07,,116.0
803,Indonesia,1988.0,1975-12-07,1988-12-31,116.0
804,Indonesia,1992.0,1992-12-15,1992-12-15,116.0
805,Indonesia,1997.0,1997-05-31,,116.0
806,Indonesia,1998.0,1997-05-31,,116.0
807,Indonesia,1999.0,1997-05-31,1999-09-22,116.0
808,Mozambique,1977.0,1977-12-31,,170.0
809,Mozambique,1978.0,1977-12-31,,170.0
810,Mozambique,1979.0,1977-12-31,,170.0
811,Mozambique,1980.0,1977-12-31,,170.0
812,Mozambique,1981.0,1977-12-31,,170.0
813,Mozambique,1982.0,1977-12-31,,170.0
814,Mozambique,1983.0,1977-12-31,,170.0
815,Mozambique,1984.0,1977-12-31,,170.0
816,Mozambique,1985.0,1977-12-31,,170.0
817,Mozambique,1989.0,1977-12-31,,170.0
818,Mozambique,1990.0,1977-12-31,,170.0
819,Mozambique,1991.0,1977-12-31,,170.0
820,Mozambique,1992.0,1977-12-31,1992-10-19,170.0
821,Mozambique,2013.0,2013-11-05,2013-11-05,170.0
822,Mozambique,2016.0,2016-10-30,2016-10-30,170.0
823,Afghanistan,1978.0,1978-04-27,,1.0
824,Afghanistan,1979.0,1978-04-27,,1.0
825,Afghanistan,1997.0,1978-04-27,,1.0
826,Afghanistan,1998.0,1978-04-27,,1.0
827,Afghanistan,1999.0,1978-04-27,,1.0
828,Afghanistan,2000.0,1978-04-27,,1.0
829,Afghanistan,2001.0,1978-04-27,,1.0
830,Afghanistan,2002.0,1978-04-27,,1.0
831,India,1979.0,1979-12-31,,115.0
832,India,1980.0,1979-12-31,,115.0
833,India,1981.0,1979-12-31,,115.0
834,India,1982.0,1979-12-31,,115.0
835,India,1983.0,1979-12-31,,115.0
836,India,1984.0,1979-12-31,,115.0
837,India,1985.0,1979-12-31,,115.0
838,India,1986.0,1979-12-31,,115.0
839,India,1987.0,1979-12-31,,115.0
840,India,1988.0,1979-12-31,1988-08-12,115.0
841,India,1992.0,1992-10-12,1992-12-31,115.0
842,India,1999.0,1999-09-26,,115.0
843,India,2000.0,1999-09-26,,115.0
844,India,2001.0,1999-09-26,,115.0
845,India,2002.0,1999-09-26,,115.0
846,India,2003.0,1999-09-26,,115.0
847,India,2004.0,1999-09-26,2004-12-28,115.0
848,Nicaragua,1977.0,1977-10-10,,
849,Nicaragua,1978.0,1977-10-10,,
850,Nicaragua,1979.0,1977-10-10,1979-07-19,
851,Nicaragua,1982.0,1982-04-17,,
852,Nicaragua,1983.0,1982-04-17,,
853,Nicaragua,1984.0,1982-04-17,,
854,Nicaragua,1985.0,1982-04-17,,
855,Nicaragua,1986.0,1982-04-17,,
856,Nicaragua,1987.0,1982-04-17,,
857,Nicaragua,1988.0,1982-04-17,,
858,Nicaragua,1989.0,1982-04-17,,
859,Nicaragua,1990.0,1982-04-17,1990-04-15,
860,Somalia,1982.0,1982-12-31,,226.0
861,Somalia,1986.0,1986-03-03,,226.0
862,Somalia,1987.0,1986-03-03,,226.0
863,Somalia,1988.0,1986-03-03,,226.0
864,Somalia,1992.0,1986-03-03,,226.0
865,Somalia,1993.0,1986-03-03,,226.0
866,Somalia,1994.0,1986-03-03,,226.0
867,Somalia,1995.0,1986-03-03,,226.0
868,Somalia,1996.0,1986-03-03,1996-12-20,226.0
869,Somalia,2001.0,2001-05-12,,226.0
870,Somalia,2002.0,2001-05-12,2002-10-28,226.0
871,Somalia,2006.0,2006-10-24,,226.0
872,Somalia,2007.0,2006-10-24,,226.0
873,Iran,1979.0,1979-12-31,,
874,Iran,1980.0,1979-12-31,,
875,Iran,1981.0,1979-12-31,,
876,Iran,1982.0,1979-12-31,1982-12-31,
877,Iran,1986.0,1986-12-31,,
878,Iran,1987.0,1986-12-31,,
879,Iran,1988.0,1986-12-31,1988-12-31,
880,Iran,1991.0,1991-04-03,1991-04-03,
881,Iran,1993.0,1993-04-09,1993-12-11,
882,Iran,1997.0,1997-02-18,1997-11-02,
883,Iran,1999.0,1999-11-25,,
884,Iran,2000.0,1999-11-25,,
885,Iran,2001.0,1999-11-25,2001-09-16,
886,Iran,2005.0,2005-08-07,,
887,Iran,2010.0,2005-08-07,,
888,Iran,2011.0,2005-08-07,2011-12-27,
889,Iran,1979.0,1979-05-31,,
890,Iran,1980.0,1979-05-31,1980-12-31,
891,Liberia,1980.0,1980-04-12,1980-04-14,144.0
892,Liberia,1989.0,1989-12-26,,144.0
893,Liberia,2000.0,2000-05-31,,144.0
894,Liberia,2001.0,2000-05-31,,144.0
895,Liberia,2002.0,2000-05-31,,144.0
896,Tunisia,1980.0,1980-01-28,1980-01-28,
897,Gambia,1981.0,1981-07-30,1981-08-05,90.0
898,India,1982.0,1982-07-31,,115.0
899,India,1983.0,1982-07-31,,115.0
900,India,1984.0,1982-07-31,,115.0
901,India,1985.0,1982-07-31,,115.0
902,India,1986.0,1982-07-31,,115.0
903,India,1987.0,1982-07-31,,115.0
904,India,1988.0,1982-07-31,1988-12-31,115.0
905,India,1993.0,1993-12-31,,115.0
906,India,1994.0,1993-12-31,,115.0
907,India,1995.0,1993-12-31,,115.0
908,India,1996.0,1993-12-31,1996-12-19,115.0
909,India,1998.0,1998-12-31,,115.0
910,India,1999.0,1998-12-31,,115.0
911,India,2003.0,2003-08-23,,115.0
912,India,2005.0,2003-08-23,,115.0
913,India,2007.0,2003-08-23,,115.0
914,Kenya,1982.0,1982-08-01,1982-08-21,133.0
915,India,1983.0,1983-12-31,,115.0
916,India,1984.0,1983-12-31,,115.0
917,India,1985.0,1983-12-31,,115.0
918,India,1986.0,1983-12-31,,115.0
919,India,1987.0,1983-12-31,,115.0
920,India,1988.0,1983-12-31,,115.0
921,India,1989.0,1983-12-31,,115.0
922,India,1990.0,1983-12-31,,115.0
923,India,1991.0,1983-12-31,,115.0
924,India,1992.0,1983-12-31,,115.0
925,India,1993.0,1983-12-31,1993-12-24,115.0
926,Sri Lanka,1986.0,1984-09-01,,231.0
927,Sri Lanka,1987.0,1984-09-01,,231.0
928,Sri Lanka,1988.0,1984-09-01,,231.0
929,Sri Lanka,1990.0,1984-09-01,,231.0
930,Sri Lanka,1991.0,1984-09-01,,231.0
931,Sri Lanka,1992.0,1984-09-01,,231.0
932,Sri Lanka,1993.0,1984-09-01,,231.0
933,Sri Lanka,1994.0,1984-09-01,,231.0
934,Sri Lanka,1995.0,1984-09-01,,231.0
935,Sri Lanka,1996.0,1984-09-01,,231.0
936,Sri Lanka,1997.0,1984-09-01,,231.0
937,Sri Lanka,1998.0,1984-09-01,,231.0
938,Sri Lanka,1999.0,1984-09-01,,231.0
939,Sri Lanka,2000.0,1984-09-01,,231.0
940,Sri Lanka,2001.0,1984-09-01,2001-12-12,231.0
941,Sri Lanka,2003.0,2003-06-14,2003-08-09,231.0
942,Sri Lanka,2005.0,2005-12-02,,231.0
943,Sri Lanka,2006.0,2005-12-02,,231.0
944,Sri Lanka,2007.0,2005-12-02,,231.0
945,Sri Lanka,2008.0,2005-12-02,,231.0
946,Sri Lanka,2009.0,2005-12-02,2009-07-04,231.0
947,Cameroon,1960.0,1960-01-31,,45.0
948,Cameroon,1961.0,1960-01-31,1961-12-31,45.0
949,Cameroon,1984.0,1984-04-06,1984-04-09,45.0
950,Cameroon,2015.0,2015-01-12,,45.0
951,Cameroon,2016.0,2015-01-12,,45.0
952,Turkey,1984.0,1984-08-15,,249.0
953,Turkey,1985.0,1984-08-15,,249.0
954,Turkey,1986.0,1984-08-15,,249.0
955,Turkey,1987.0,1984-08-15,,249.0
956,Turkey,1988.0,1984-08-15,,249.0
957,Turkey,1989.0,1984-08-15,,249.0
958,Turkey,1990.0,1984-08-15,,249.0
959,Turkey,1991.0,1984-08-15,,249.0
960,Turkey,1992.0,1984-08-15,,249.0
961,Turkey,1993.0,1984-08-15,,249.0
962,Turkey,1994.0,1984-08-15,,249.0
963,Turkey,1995.0,1984-08-15,,249.0
964,Turkey,1996.0,1984-08-15,,249.0
965,Turkey,1997.0,1984-08-15,,249.0
966,Turkey,1998.0,1984-08-15,,249.0
967,Turkey,1999.0,1984-08-15,,249.0
968,Turkey,2000.0,1984-08-15,,249.0
969,Turkey,2001.0,1984-08-15,,249.0
970,Turkey,2002.0,1984-08-15,,249.0
971,Turkey,2003.0,1984-08-15,,249.0
972,Turkey,2004.0,1984-08-15,,249.0
973,Turkey,2005.0,1984-08-15,,249.0
974,Turkey,2006.0,1984-08-15,,249.0
975,Turkey,2007.0,1984-08-15,,249.0
976,Turkey,2008.0,1984-08-15,,249.0
977,Turkey,2009.0,1984-08-15,,249.0
978,Turkey,2010.0,1984-08-15,,249.0
979,Turkey,2011.0,1984-08-15,,249.0
980,Turkey,2012.0,1984-08-15,,249.0
981,Turkey,2013.0,1984-08-15,2013-02-26,249.0
982,Turkey,2015.0,2015-07-30,,249.0
983,Turkey,2016.0,2015-07-30,,249.0
984,Togo,1986.0,1986-09-23,1986-09-24,
985,Burkina Faso,1987.0,1987-10-15,1987-10-15,42.0
986,Ethiopia,1975.0,1975-06-30,,79.0
987,Ethiopia,1976.0,1975-06-30,1976-12-31,79.0
988,Ethiopia,1996.0,1996-12-31,1996-12-31,79.0
989,India,1990.0,1990-02-12,,115.0
990,India,1991.0,1990-02-12,,115.0
991,India,1992.0,1990-02-12,,115.0
992,India,1993.0,1990-02-12,,115.0
993,India,1994.0,1990-02-12,,115.0
994,India,1995.0,1990-02-12,,115.0
995,India,1996.0,1990-02-12,,115.0
996,India,1997.0,1990-02-12,,115.0
997,India,1998.0,1990-02-12,,115.0
998,India,1999.0,1990-02-12,,115.0
999,India,2000.0,1990-02-12,,115.0
1000,India,2001.0,1990-02-12,,115.0
1001,India,2002.0,1990-02-12,,115.0
1002,India,2003.0,1990-02-12,,115.0
1003,India,2004.0,1990-02-12,,115.0
1004,India,2005.0,1990-02-12,,115.0
1005,India,2006.0,1990-02-12,,115.0
1006,India,2007.0,1990-02-12,,115.0
1007,India,2008.0,1990-02-12,,115.0
1008,India,2009.0,1990-02-12,,115.0
1009,India,2010.0,1990-02-12,,115.0
1010,India,2011.0,1990-02-12,,115.0
1011,India,2012.0,1990-02-12,,115.0
1012,India,2013.0,1990-02-12,,115.0
1013,India,2014.0,1990-02-12,,115.0
1014,India,2015.0,1990-02-12,,115.0
1015,India,2016.0,1990-02-12,,115.0
1016,India,1990.0,1990-11-30,1990-11-30,115.0
1017,India,1994.0,1994-12-31,,115.0
1018,India,1995.0,1994-12-31,,115.0
1019,India,1996.0,1994-12-31,,115.0
1020,India,1997.0,1994-12-31,,115.0
1021,India,1998.0,1994-12-31,,115.0
1022,India,1999.0,1994-12-31,,115.0
1023,India,2000.0,1994-12-31,,115.0
1024,India,2001.0,1994-12-31,,115.0
1025,India,2002.0,1994-12-31,,115.0
1026,India,2003.0,1994-12-31,,115.0
1027,India,2004.0,1994-12-31,,115.0
1028,India,2005.0,1994-12-31,,115.0
1029,India,2006.0,1994-12-31,,115.0
1030,India,2007.0,1994-12-31,,115.0
1031,India,2008.0,1994-12-31,,115.0
1032,India,2009.0,1994-12-31,,115.0
1033,India,2010.0,1994-12-31,2010-10-16,115.0
1034,Indonesia,1990.0,1990-06-06,,116.0
1035,Indonesia,1991.0,1990-06-06,1991-12-28,116.0
1036,Indonesia,1999.0,1999-06-01,,116.0
1037,Indonesia,2000.0,1999-06-01,,116.0
1038,Indonesia,2001.0,1999-06-01,,116.0
1039,Indonesia,2002.0,1999-06-01,,116.0
1040,Indonesia,2003.0,1999-06-01,,116.0
1041,Indonesia,2004.0,1999-06-01,,116.0
1042,Indonesia,2005.0,1999-06-01,2005-10-12,116.0
1043,Mali,1990.0,1990-07-21,1990-09-04,155.0
1044,Mali,1994.0,1994-10-04,1994-12-18,155.0
1045,Mali,2007.0,2007-08-31,,155.0
1046,Mali,2008.0,2007-08-31,,155.0
1047,Mali,2009.0,2007-08-31,2009-01-22,155.0
1048,Mali,2012.0,2012-01-24,2012-03-31,155.0
1049,Mali,2014.0,2014-05-17,,155.0
1050,Niger,1994.0,1994-05-16,1994-09-26,181.0
1051,Rwanda,1990.0,1990-10-03,,205.0
1052,Rwanda,1991.0,1990-10-03,,205.0
1053,Rwanda,1992.0,1990-10-03,,205.0
1054,Rwanda,1993.0,1990-10-03,,205.0
1055,Rwanda,1994.0,1990-10-03,1994-07-04,205.0
1056,Rwanda,1996.0,1996-07-12,,205.0
1057,Rwanda,1997.0,1996-07-12,,205.0
1058,Rwanda,1998.0,1996-07-12,,205.0
1059,Rwanda,1999.0,1996-07-12,,205.0
1060,Rwanda,2000.0,1996-07-12,,205.0
1061,Rwanda,2001.0,1996-07-12,,205.0
1062,Rwanda,2002.0,1996-07-12,2002-03-01,205.0
1063,Rwanda,2009.0,2009-02-16,,205.0
1064,Rwanda,2010.0,2009-02-16,,205.0
1065,Rwanda,2011.0,2009-02-16,,205.0
1066,Rwanda,2012.0,2009-02-16,2012-12-02,205.0
1067,Rwanda,2016.0,2016-04-21,2016-11-15,205.0
1068,Senegal,1990.0,1990-08-31,1990-12-31,217.0
1069,Senegal,1992.0,1992-09-01,,217.0
1070,Senegal,1993.0,1992-09-01,1993-11-16,217.0
1071,Senegal,1995.0,1995-04-27,1995-12-01,217.0
1072,Senegal,1997.0,1997-03-18,,217.0
1073,Senegal,1998.0,1997-03-18,1998-11-02,217.0
1074,Senegal,2000.0,2000-04-11,,217.0
1075,Senegal,2001.0,2000-04-11,2001-12-07,217.0
1076,Senegal,2003.0,2003-01-20,2003-10-11,217.0
1077,Senegal,2011.0,2011-12-20,2011-12-30,217.0
1078,Djibouti,1991.0,1991-11-13,,70.0
1079,Djibouti,1992.0,1991-11-13,,70.0
1080,Djibouti,1993.0,1991-11-13,,70.0
1081,Djibouti,1994.0,1991-11-13,1994-03-04,70.0
1082,Djibouti,1999.0,1999-07-24,1999-08-31,70.0
1083,Haiti,1989.0,1989-04-08,1989-04-08,108.0
1084,Haiti,1991.0,1991-10-02,1991-10-02,108.0
1085,Sierra Leone,2001.0,1991-04-01,2001-12-20,
1086,Turkey,1991.0,1991-07-13,,249.0
1087,Turkey,1992.0,1991-07-13,1992-12-07,249.0
1088,Turkey,2005.0,2005-06-17,2005-10-17,249.0
1089,Algeria,1991.0,1991-12-09,,4.0
1090,Algeria,1992.0,1991-12-09,,4.0
1091,Algeria,1998.0,1991-12-09,,4.0
1092,Algeria,2005.0,1991-12-09,,4.0
1093,Algeria,2006.0,1991-12-09,,4.0
1094,Algeria,2007.0,1991-12-09,,4.0
1095,Algeria,2008.0,1991-12-09,,4.0
1096,Algeria,2009.0,1991-12-09,,4.0
1097,Algeria,2010.0,1991-12-09,,4.0
1098,Algeria,2011.0,1991-12-09,,4.0
1099,Algeria,2013.0,1991-12-09,,4.0
1100,Algeria,2014.0,1991-12-09,,4.0
1101,Algeria,2015.0,1991-12-09,,4.0
1102,Algeria,2016.0,1991-12-09,,4.0
1103,Angola,1991.0,1991-06-03,1991-11-10,
1104,Angola,1996.0,1996-05-22,,
1105,Angola,1998.0,1996-05-22,1998-11-15,
1106,Angola,2004.0,2004-02-10,2004-04-24,
1107,Angola,2007.0,2007-12-31,2007-12-31,
1108,Angola,2009.0,2009-12-31,2009-12-31,
1109,Egypt,1993.0,1993-03-10,,40765.0
1110,Egypt,1994.0,1993-03-10,,40765.0
1111,Egypt,1995.0,1993-03-10,,40765.0
1112,Egypt,1996.0,1993-03-10,,40765.0
1113,Egypt,1997.0,1993-03-10,,40765.0
1114,Egypt,1998.0,1993-03-10,1998-11-02,40765.0
1115,Egypt,2014.0,2014-04-24,2014-10-24,40765.0
1116,Tajikistan,1995.0,1992-05-10,,239.0
1117,Tajikistan,1996.0,1992-05-10,,239.0
1118,Tajikistan,1997.0,1992-05-10,,239.0
1119,Tajikistan,2000.0,2000-09-06,2000-09-06,239.0
1120,Tajikistan,2011.0,2010-09-09,2011-07-25,239.0
1121,Yemen,1994.0,1994-04-28,1994-07-04,269.0
1122,Pakistan,1990.0,1990-02-11,1990-02-11,188.0
1123,Pakistan,1994.0,1994-05-03,,188.0
1124,Pakistan,1995.0,1994-05-03,,188.0
1125,Pakistan,1996.0,1994-05-03,1996-09-04,188.0
1126,Pakistan,2007.0,2007-07-15,,188.0
1127,Pakistan,2008.0,2007-07-15,,188.0
1128,Pakistan,2011.0,2007-07-15,,188.0
1129,Pakistan,2015.0,2007-07-15,,188.0
1130,Pakistan,2016.0,2007-07-15,,188.0
1131,Niger,1995.0,1995-07-10,1995-07-10,181.0
1132,Congo,1993.0,1993-11-11,1993-12-27,59.0
1133,Congo,2002.0,2002-04-10,2002-12-31,59.0
1134,Congo,2016.0,2016-04-05,2016-12-10,59.0
1135,Ethiopia,1977.0,1977-12-31,,79.0
1136,Ethiopia,1978.0,1977-12-31,1978-12-31,79.0
1137,Ethiopia,1980.0,1980-12-31,,79.0
1138,Ethiopia,1981.0,1980-12-31,1981-12-31,79.0
1139,Ethiopia,1983.0,1983-07-31,,79.0
1140,Ethiopia,1984.0,1983-07-31,,79.0
1141,Ethiopia,1985.0,1983-07-31,,79.0
1142,Ethiopia,1986.0,1983-07-31,,79.0
1143,Ethiopia,1987.0,1983-07-31,,79.0
1144,Ethiopia,1988.0,1983-07-31,,79.0
1145,Ethiopia,1989.0,1983-07-31,,79.0
1146,Ethiopia,1990.0,1983-07-31,,79.0
1147,Ethiopia,1991.0,1983-07-31,,79.0
1148,Ethiopia,1992.0,1983-07-31,1992-06-30,79.0
1149,Ethiopia,1994.0,1994-12-31,,79.0
1150,Ethiopia,1995.0,1994-12-31,1995-12-31,79.0
1151,Ethiopia,1998.0,1998-12-31,,79.0
1152,Ethiopia,1999.0,1998-12-31,,79.0
1153,Ethiopia,2000.0,1998-12-31,,79.0
1154,Ethiopia,2001.0,1998-12-31,,79.0
1155,Ethiopia,2002.0,1998-12-31,,79.0
1156,Ethiopia,2003.0,1998-12-31,,79.0
1157,Ethiopia,2004.0,1998-12-31,,79.0
1158,Ethiopia,2005.0,1998-12-31,,79.0
1159,Ethiopia,2006.0,1998-12-31,,79.0
1160,Ethiopia,2007.0,1998-12-31,,79.0
1161,Ethiopia,2008.0,1998-12-31,,79.0
1162,Ethiopia,2009.0,1998-12-31,,79.0
1163,Ethiopia,2010.0,1998-12-31,,79.0
1164,Ethiopia,2011.0,1998-12-31,,79.0
1165,Ethiopia,2012.0,1998-12-31,,79.0
1166,Ethiopia,2013.0,1998-12-31,2013-12-31,79.0
1167,Ethiopia,2015.0,2015-12-31,,79.0
1168,Ethiopia,2016.0,2015-12-31,2016-12-31,79.0
1169,India,1989.0,1989-03-16,,115.0
1170,India,1990.0,1989-03-16,1990-12-31,115.0
1171,India,1994.0,1994-07-23,1994-07-24,115.0
1172,India,1996.0,1996-10-28,,115.0
1173,India,1997.0,1996-10-28,,115.0
1174,India,1998.0,1996-10-28,,115.0
1175,India,1999.0,1996-10-28,1999-10-07,115.0
1176,India,2001.0,2001-08-04,,115.0
1177,India,2002.0,2001-08-04,,115.0
1178,India,2003.0,2001-08-04,,115.0
1179,India,2004.0,2001-08-04,2004-11-03,115.0
1180,India,2009.0,2009-06-11,,115.0
1181,India,2010.0,2009-06-11,2010-11-08,115.0
1182,India,2013.0,2013-12-11,,115.0
1183,India,2014.0,2013-12-11,2014-12-31,115.0
1184,Myanmar,1997.0,1997-03-16,1997-07-15,171.0
1185,Nigeria,2004.0,2004-09-23,2004-10-08,182.0
1186,Nigeria,2004.0,2004-06-04,2004-09-20,182.0
1187,Mauritania,1975.0,1975-12-19,,159.0
1188,Mauritania,1976.0,1975-12-19,,159.0
1189,Mauritania,1977.0,1975-12-19,,159.0
1190,Mauritania,1978.0,1975-12-19,1978-12-31,159.0
1191,Niger,1991.0,1991-12-31,,181.0
1192,Niger,1992.0,1991-12-31,1992-12-18,181.0
1193,Niger,1997.0,1997-10-19,1997-11-28,181.0
1194,Niger,2007.0,2007-04-30,,181.0
1195,Niger,2008.0,2007-04-30,2008-11-16,181.0
1196,India,2008.0,2008-12-22,2008-12-22,115.0
1197,Ethiopia,1983.0,1983-03-31,1983-12-31,79.0
1198,India,1997.0,1997-05-12,1997-12-05,115.0
1199,Myanmar,2009.0,2009-08-29,2009-12-31,171.0
1200,Myanmar,2014.0,2014-12-22,,171.0
1201,Myanmar,2015.0,2014-12-22,2015-12-19,171.0
1202,Myanmar,1973.0,1973-02-28,,171.0
1203,Myanmar,1974.0,1973-02-28,,171.0
1204,Myanmar,1975.0,1973-02-28,,171.0
1205,Myanmar,1976.0,1973-02-28,,171.0
1206,Myanmar,1977.0,1973-02-28,,171.0
1207,Myanmar,1978.0,1973-02-28,,171.0
1208,Myanmar,1979.0,1973-02-28,,171.0
1209,Myanmar,1980.0,1973-02-28,,171.0
1210,Myanmar,1981.0,1973-02-28,,171.0
1211,Myanmar,1982.0,1973-02-28,1982-12-31,171.0
1212,Mauritania,2010.0,2010-09-18,,159.0
1213,Mauritania,2011.0,2010-09-18,2011-10-20,159.0
1214,India,2012.0,2012-11-15,2012-12-21,115.0
1215,India,2014.0,2014-07-01,2014-11-27,115.0
1216,Sudan,2011.0,2011-05-19,2011-06-15,40764.0
1217,South Sudan,2012.0,2011-08-20,,70001.0
1218,South Sudan,2014.0,2011-08-20,,70001.0
1219,South Sudan,2015.0,2011-08-20,,70001.0
1220,South Sudan,2016.0,2011-08-20,,70001.0
1221,Libya,2015.0,2014-09-07,2015-04-19,
1222,Mali,2009.0,2009-06-16,2009-07-16,155.0
1223,China,2008.0,2008-08-10,2008-08-29,
1224,Bangladesh,2006.0,2005-03-13,2006-12-22,23.0
1225,Ethiopia,1991.0,1991-10-10,1991-10-10,79.0
1226,Myanmar,1991.0,1991-12-31,1991-12-31,171.0
1227,Myanmar,1995.0,1995-04-17,1995-05-03,171.0
1228,Myanmar,2000.0,2000-02-28,,171.0
1229,Myanmar,2001.0,2000-02-28,2001-05-18,171.0
1230,Myanmar,2005.0,2005-01-31,,171.0
1231,Myanmar,2006.0,2005-01-31,,171.0
1232,Myanmar,2007.0,2005-01-31,2007-02-15,171.0
1233,Ukraine,2014.0,2014-02-18,2014-02-21,254.0
1234,Ukraine,2014.0,2014-05-02,2014-09-16,254.0
1235,Ukraine,2014.0,2014-06-14,2014-08-26,254.0
1236,Ukraine,2014.0,2014-09-25,,254.0
1237,Myanmar,2013.0,2013-11-15,,171.0
1238,Myanmar,2014.0,2013-11-15,,171.0
1239,Myanmar,2015.0,2013-11-15,2015-11-13,171.0
1240,Mali,2015.0,2015-08-10,2015-10-28,155.0
1241,Cameroon,2015.0,2015-08-11,,45.0
1242,Cameroon,2016.0,2015-08-11,2016-10-06,45.0
1243,Niger,2015.0,2015-03-30,,181.0
1244,Chad,2015.0,2015-05-27,2015-11-01,50.0
1245,Yemen,2015.0,2015-03-20,2015-10-06,269.0
1246,Kenya,2015.0,2015-07-13,,133.0
1247,Kenya,2016.0,2015-07-13,,133.0
1248,Egypt,2015.0,2015-01-29,,40765.0
1249,Egypt,2016.0,2015-01-29,,40765.0
1250,India,2015.0,2015-06-04,,115.0
1251,India,2016.0,2015-06-04,,115.0
1252,Bangladesh,2016.0,2016-08-29,,23.0
1253,Lebanon,2014.0,2014-08-03,,141.0
1254,Lebanon,2015.0,2014-08-03,2015-12-15,141.0
1255,Libya,2015.0,2015-03-18,,
1256,Libya,2016.0,2015-03-18,2016-12-07,
1257,Algeria,2015.0,2015-05-20,2015-05-20,4.0
1258,Jordan,2016.0,2016-12-18,2016-12-29,130.0
1259,Turkey,2015.0,2015-11-14,,249.0
1260,Turkey,2016.0,2015-11-14,,249.0
1261,Pakistan,2016.0,2016-10-24,,188.0
